<?xml version="1.0" encoding="utf-8" ?> 
<control xmlns:def="Definition" xmlns="http://schemas.sitecore.net/Visual-Studio-Intellisense">
  <WordpressImport>
    <Script Src="/sitecore/shell/Applications/Install/installer.js" />
    <WizardForm CodeBeside="Sitecore.Modules.WeBlog.sitecore.shell.Applications.WeBlog.WordpressImport,Sitecore.Modules.WeBlog">

      <WizardFormFirstPage ID="FirstPage" Icon="Business/32x32/address_book.png">
        <Border Class="scWizardWelcomeTitle"><Literal ID="Welcome" Text="Welcome to the WeBlog Import Wizard."/></Border>
        <Literal Text="This wizard helps you:"/>
        <ul>
          <li class="scWizardBullet"><Literal Text="Create a new WeBlog"/></li>
          <li class="scWizardBullet"><Literal Text="Import Wordpress XML to your WeBlog."/></li>
        </ul>
      </WizardFormFirstPage>
      
      <WizardFormPage ID="Settings" Header="Blog settings" Text="Please choose your action." Icon="Business/32x32/address_book.png">
        <WizardFormPadding>

          <Scrollbox ID="SettingsPane" Border="none" Background="transparent">

            <Border Padding="4">

              <Literal Text="Please enter the information below" GridPanel.NoWrap="true"/>

              <Border Padding="10">
                
                <GridPanel CellPadding="2" Columns="2">
                <Literal Text="Blog name:" GridPanel.NoWrap="true"/>
                <Edit ID="litSettingsName"/>

                <Literal Text="Author email:" GridPanel.NoWrap="true"/>
                <Edit ID="litSettingsEmail"/>
              </GridPanel>
              
              </Border>

            </Border>

          </Scrollbox>
          
          <Border ID="InvalidInput" Visible="false" Align="center" Padding="4px">
            <ThemedImage Src="Applications/24x24/error.png" Width="16" Height="16" Align="absmiddle" Margin="0px 4px 0px 0px" />
            <b><Literal Text="Blog name and author email are required." /></b>
          </Border>
        </WizardFormPadding>
      </WizardFormPage>

      <WizardFormPage ID="Import" Header="Wordpress Import" Text="Use the form below to import your Wordpress XML" Icon="Business/32x32/address_book.png">
        <WizardFormPadding>
          <Scrollbox ID="ImportPane" Border="none" Background="transparent">
            
              <Border Padding="4">

                <Literal Text="Select or upload your Wordpress XML file" GridPanel.NoWrap="true"/>

                <Border Padding="10">

                  <Edit ID="WordpressXmlFile"/>
                  <Border>
                    <Button ID="Browse" Header="Browse" Click="installer:browse"/>
                    <Space/>
                    <Button ID="Upload" Header="Upload" Click="installer:upload"/>
                  </Border>

                </Border>

                <Groupbox ID="ImportOptionsPane" Header="Import options" Margin="0px 0px 16px 0px">
                  <Border Padding="4" ID="ImportOptions">
                    <Checkbox ID="ImportPosts" Checked="True" Header="Include posts" /><br />
                    <Checkbox ID="ImportCategories" Checked="True" Header="Include categories" /><br />
                    <Checkbox ID="ImportComments" Checked="True" Header="Include comments" /><br />
                    <Checkbox ID="ImportTags" Checked="True" Header="Include tags" /><br />
                  </Border>
                </Groupbox>

              </Border>
            
          </Scrollbox>
        </WizardFormPadding>
      </WizardFormPage>

      <WizardFormPage ID="CreateBlog" Header="Create your blog" Text="Create the blog" Icon="Business/32x32/address_book.png">
        <WizardFormPadding>
          <Scrollbox ID="CreatePane" Border="none" Background="transparent">

            <Border Padding="4">

              <Literal Text="Where do you want to create the blog" GridPanel.NoWrap="true"/>

                <DataContext ID="DataContext" Root="/"/>

                <GridPanel Width="90%" Height="90%" Style="table-layout:fixed" Margin="10px 0px 0px 0px">
                  <Scrollbox ID="Items" Width="100%" Height="100%" Class="scScrollbox scFixSize" Background="white" Border="1px inset" Padding="0" GridPanel.Height="100%">

                    <TreeviewEx ID="Treeview" DataContext="DataContext" ShowRoot="true" DblClick="OK_Click" ContextMenu='Treeview.GetContextMenu("contextmenu")' />

                  </Scrollbox>
                </GridPanel>

              
            </Border>

          </Scrollbox>
        </WizardFormPadding>
      </WizardFormPage>

      <WizardFormPage ID="Summary" Header="Settings summary" Text="Summary" Icon="Business/32x32/address_book.png">
        <WizardFormPadding>
          <Scrollbox ID="SummaryPane" Border="none" Background="transparent">

            <Border Padding="4">

              <Literal Text="Please check your settings. Press next to start installing a new WeBlog" GridPanel.NoWrap="true"/>

              <GridPanel CellPadding="2" Columns="2" Margin="10px 0px 16px 0px">
                <Literal Text="Blog name:" GridPanel.NoWrap="true"/>
                <Literal ID="litSummaryName" Text="adfa" />

                <Literal Text="Author email:" GridPanel.NoWrap="true"/>
                <Literal ID="litSummaryEmail" Text="afdsf"/>

                <Literal Text="Path:" GridPanel.NoWrap="true"/>
                <Literal ID="litSummaryPath" Text="afdsf"/>
              </GridPanel>

              <Groupbox ID="WordpressOptionsPane" Header="Wordpress options" Margin="10px 0px 16px 0px">
                <GridPanel CellPadding="2" Columns="2" Padding="5px">
                  <Literal Text="Wordpress XML:" GridPanel.NoWrap="true"/>
                  <Literal ID="litSummaryWordpressXML" Text="afdsf"/>

                  <Literal Text="Include posts:" GridPanel.NoWrap="true"/>
                  <Literal ID="litSummaryPosts" Text="afdsf"/>

                  <Literal Text="Include categories:" GridPanel.NoWrap="true"/>
                  <Literal ID="litSummaryCategories" Text="afdsf"/>

                  <Literal Text="Include comments:" GridPanel.NoWrap="true"/>
                  <Literal ID="litSummaryComments" Text="afdsf"/>

                  <Literal Text="Include tags:" GridPanel.NoWrap="true"/>
                  <Literal ID="litSummaryTags" Text="afdsf"/>
                </GridPanel>
              </Groupbox>

            </Border>

          </Scrollbox>
        </WizardFormPadding>
      </WizardFormPage>

      <WizardFormPage ID="ImportJob" Header="Creating blog" Text="This may take a few minutes." Icon="Business/32x32/address_book.png">
        <Edit Mode="Hidden" ID="JobHandle" Width="0" Height="0"/>
        <GridPanel Width="100%">
          <Space Height="64"/>

          <ThemedImage Src="Business/48x48/address_book.png" Width="48" Height="48" GridPanel.Align="center"/>

          <Space Height="16"/>

          <Border Align="center">
            <ThemedImage Src="Images/progress.gif" Width="94" Height="17"/>
          </Border>

          <Space Height="16"/>

          <Border Align="center" GridPanel.Align="center" GridPanel.Style="font-weight:bold">
            <Literal Text="Creating blog and importing xml..."/>
            <Literal ID="StatusMessage"/>
          </Border>

        </GridPanel>
      </WizardFormPage>

      <WizardFormLastPage ID="LastPage" Icon="Custom/32x32/Publish.png">
        <GridPanel Cellpadding="2" Width="100%" Height="100%" Fixed="true">
        
          <Border GridPanel.Style="padding:0px 0px 16px 0px; font-weight:bold"><Literal Text="The wizard has completed. Click Finish to close the wizard."/></Border>
          
          <Border GridPanel.Style="padding:0px 0px 2px 0px">
            <Literal ID="Status"/>
          </Border>

          <Border ID="ShowResultPane" GridPanel.Style="padding:8px 0px 2px 0px" Click="ShowResult" RollOver="true" Class="scRollOver">
            <Literal Text="Click here to see additional information."/>
          </Border>
          
          <Border ID="ResultLabel" GridPanel.Style="padding:8px 0px 2px 0px" Visible="false">
            <Literal Text="Result:"/>
          </Border>
          
          <Memo ID="ResultText" ReadOnly="true" Width="100%" Height="100%" GridPanel.Height="100%" Visible="false"/>
          
        </GridPanel>
      </WizardFormLastPage>

    </WizardForm>
  </WordpressImport>
</control>
